{
    "Neural Network": {
        "RMSE": 250.84980566067816,
        "MAE": 60.46150207519531,
        "R\u00b2": 0.9178933501243591,
        "Loss": 63010.75810873433,
        "NRMSE_Range": 0.011138978936975052,
        "NRMSE_Mean": 1.7349947446595362,
        "MAPE": 459.3389892578125,
        "SMAPE": 154.0912628173828,
        "CV_RMSE": 1.7349947446595362
    },
    "Random Forest": {
        "RMSE": 218.08249334874324,
        "MAE": 48.22009883729489,
        "R\u00b2": 0.9379427549243767,
        "NRMSE_Range": 0.00968394730678256,
        "NRMSE_Mean": 1.508360737798805,
        "MAPE": 422.94659155700265,
        "SMAPE": 84.68408772969192,
        "CV_RMSE": 1.508360737798805
    }
}