{
    "Neural Network": {
        "RMSE": 270.63537797653134,
        "MAE": 62.72151565551758,
        "R\u00b2": 0.9044303297996521,
        "Loss": 74580.02506406748,
        "NRMSE_Range": 0.012017556748513826,
        "NRMSE_Mean": 1.8718410296214685,
        "MAPE": 446.3229675292969,
        "SMAPE": 154.6717987060547,
        "CV_RMSE": 1.8718410296214685
    },
    "Random Forest": {
        "RMSE": 223.00604723265897,
        "MAE": 47.417007009203274,
        "R\u00b2": 0.9351090452392253,
        "NRMSE_Range": 0.00990257758581967,
        "NRMSE_Mean": 1.5424143440965803,
        "MAPE": 418.565910990906,
        "SMAPE": 84.8420689173175,
        "CV_RMSE": 1.5424143440965803
    }
}