{
    "Neural Network": {
        "RMSE": 262.6983922914261,
        "MAE": 62.09344482421875,
        "R\u00b2": 0.9099537134170532,
        "Loss": 70964.62347450985,
        "NRMSE_Range": 0.011665115110631709,
        "NRMSE_Mean": 1.8169451192346653,
        "MAPE": 458.6444396972656,
        "SMAPE": 153.91976928710938,
        "CV_RMSE": 1.8169451192346653
    },
    "Random Forest": {
        "RMSE": 234.86844740605227,
        "MAE": 49.487932217045405,
        "R\u00b2": 0.9280219232656046,
        "NRMSE_Range": 0.010429327149469462,
        "NRMSE_Mean": 1.6244602635230023,
        "MAPE": 415.259188608733,
        "SMAPE": 82.78247799097412,
        "CV_RMSE": 1.6244602635230023
    }
}