{"numeric_feature_cols_order": ["OGDP", "DGDP", "OPOP", "DPOP", "OCentrality", "DCentrality", "Distance", "contig", "comlang_off", "comcol", "col45", "fta_wto", "GDPRatio", "POPRatio", "OGDPPerCapita", "DGDPPerCapita", "GDPProduct", "POPProduct", "CentralityDiff", "CentralityProduct"], "n_countries": 210, "embedding_dim": 32, "num_numeric_features_nn_input": 20, "residual_std": 234.86634524279546, "residual_bins": [1.048, 5.0888, 10.1272, 21.253, 63.838800000000006, 97.40404999999988, 168.2144000000009, 429.6624, 1058.563649999991, 2686.8198799999996, 19855.35801], "bin_margins": [6.236213882873583, 12.377179979942374, 22.81892028822151, 56.16207700248401, 121.3430117606392, 195.2390304431184, 364.9627481058421, 736.4720252231324, 1385.6633784830221, 4025.7138524403535]}