{
    "Neural Network": {
        "RMSE": 264.50095994627316,
        "MAE": 62.38587951660156,
        "R\u00b2": 0.9087137579917908,
        "Loss": 70223.77523201135,
        "NRMSE_Range": 0.011745158079319412,
        "NRMSE_Mean": 1.8294125213911707,
        "MAPE": 448.58575439453125,
        "SMAPE": 154.61068725585938,
        "CV_RMSE": 1.8294125213911707
    },
    "Random Forest": {
        "RMSE": 233.81731204163583,
        "MAE": 49.22630858356113,
        "R\u00b2": 0.9286647460921768,
        "NRMSE_Range": 0.010382651511617932,
        "NRMSE_Mean": 1.6171901186826176,
        "MAPE": 474.9153404659553,
        "SMAPE": 87.45872390923499,
        "CV_RMSE": 1.6171901186826176
    }
}