{
    "Neural Network": {
        "RMSE": 286.9513242694656,
        "MAE": 66.78387451171875,
        "R\u00b2": 0.8925596475601196,
        "Loss": 83829.5276298766,
        "NRMSE_Range": 0.012742065908946075,
        "NRMSE_Mean": 1.9846897559652321,
        "MAPE": 476.6558532714844,
        "SMAPE": 155.07183837890625,
        "CV_RMSE": 1.9846897559652321
    },
    "Random Forest": {
        "RMSE": 234.87438143688237,
        "MAE": 49.93890563175318,
        "R\u00b2": 0.9280182861187096,
        "NRMSE_Range": 0.010429590649950372,
        "NRMSE_Mean": 1.6245013060614637,
        "MAPE": 471.7292610185086,
        "SMAPE": 87.86903814003716,
        "CV_RMSE": 1.6245013060614637
    }
}